,function,size,pvalue,statistic,rejected
1028,map_id_up,56,2.2695115997234712e-58,73.51737725168907,True
905,lookup_bh_lru,56,2.170972394972374e-49,52.38439769637764,True
671,smp_call_function_many_cond,28,5.695170527462227e-49,-51.55771448059483,True
3668,record_times,56,1.0402877083736152e-48,51.04764619229424,True
3031,exit_to_user_mode_prepare,28,1.773499664449843e-46,46.88807677804998,True
1055,kick_process,56,3.3491155872920814e-46,46.396404668060185,True
1150,lru_add_drain_cpu,28,2.560909544154582e-45,44.855648897683224,True
1818,vmalloc_to_page,14,3.0092143784228216e-45,-44.735552940888056,True
1160,locks_remove_file,56,3.5091241511678617e-45,44.62141812676973,True
4246,free_percpu.part.0,14,2.9227450157628035e-44,-43.074849495616384,True
1029,map_id_up,14,4.756485524709106e-44,42.72671382219957,True
1133,kmalloc_slab,56,8.340564388770987e-44,42.32849056666311,True
1720,vm_normal_page,28,9.10768822806089e-44,43.1529016158031,True
904,lookup_bh_lru,28,1.427965049094384e-43,41.95047739424913,True
910,mem_cgroup_handle_over_high,28,1.5991394701268763e-43,41.87128822962506,True
1052,kfree,56,1.7886999380212872e-43,41.793069976699925,True
1159,locks_remove_file,28,4.0677008127242115e-43,41.223559285334964,True
947,kthread_blkcg,56,7.673871447647992e-43,40.78852231764361,True
1087,lock_vma_under_rcu,28,7.732714707166367e-43,40.78331300238688,True
1027,map_id_up,28,2.042344163704947e-42,40.12598813924789,True
824,kmem_cache_alloc,56,2.3723438094186626e-42,40.02549595639487,True
974,locks_remove_posix,56,4.973558643909265e-42,39.53224835970893,True
1054,kick_process,28,6.371178215227363e-42,39.3684948601031,True
1152,lru_add_drain_cpu,14,7.947768270648328e-42,39.22282186200236,True
882,mem_cgroup_from_task,14,9.352908708544666e-42,39.11588439252517,True
1089,lock_vma_under_rcu,14,1.20721432481745e-41,38.948781788374056,True
906,lookup_bh_lru,14,1.8103521120284172e-41,38.68482292755582,True
1051,kfree,28,2.9395769984386473e-41,38.371217468060216,True
942,mark_page_accessed,14,2.9641472226705697e-41,38.365852963982654,True
4460,native_send_call_func_ipi,56,6.593769650379791e-41,-37.85376635070552,True
1007,ktime_get_coarse_real_ts64,56,8.213630780666556e-41,37.71417628187901,True
898,mlock_drain_local,28,8.415295603113724e-41,37.69879178611875,True
2372,destroy_context_ldt,14,8.687702825099324e-41,-37.678594592835665,True
1130,make_vfsuid,56,8.824416393734925e-41,37.668699257070166,True
461,native_flush_tlb_local,56,1.77213960193198e-40,-37.22923773254951,True
881,mem_cgroup_from_task,56,3.4530483891166443e-40,36.8131979744396,True
673,smp_call_function_many_cond,14,2.6159288660969864e-39,-35.57612678739079,True
900,mlock_drain_local,14,2.977697344573197e-39,35.498296765882586,True
2456,pcpu_chunk_relocate,14,3.088759138855116e-39,-35.47632183754868,True
1088,lock_vma_under_rcu,56,3.938353709676995e-39,35.330815408973244,True
1132,kmalloc_slab,28,1.2649645340932248e-38,34.63958951610506,True
940,mark_page_accessed,28,1.8497208743132071e-38,34.41714512735804,True
1722,vm_normal_page,14,8.756409564787974e-38,33.52034466070976,True
1090,mem_cgroup_from_slab_obj,28,9.865045201281339e-38,33.45245656513926,True
901,locks_free_lock_context,28,3.007211292666129e-37,32.823652433483986,True
3667,record_times,28,3.2979552133972816e-37,32.77206401234738,True
860,legitimize_links,56,3.430130774797912e-37,32.75012026579875,True
1161,locks_remove_file,14,4.511596940582783e-37,32.59744636613149,True
938,kmem_cache_free,56,5.536519004915945e-37,32.48381485158292,True
937,kmem_cache_free,28,7.255711564119812e-37,32.33425146483851,True
973,locks_remove_posix,28,4.482745679177843e-36,31.34291352207353,True
4245,free_percpu.part.0,56,6.833492808942815e-36,-31.117273384091934,True
1683,blk_cgroup_congested,56,1.871076208694468e-35,30.583970324266474,True
939,kmem_cache_free,14,2.0104789811914621e-35,30.54623280947283,True
983,map_id_range_down,56,2.056898363185187e-35,30.53425397563307,True
912,mem_cgroup_handle_over_high,14,3.2220619278408533e-35,30.299554292933077,True
1056,kick_process,14,5.248855399544379e-35,30.046167295967233,True
991,kill_fasync,28,6.161284512968292e-35,29.963349765228806,True
756,should_failslab,56,6.21542740401265e-35,29.95883460981144,True
823,kmem_cache_alloc,28,1.058804229557967e-34,29.685047424559063,True
854,memcg_list_lru_alloc,56,1.2626896861090751e-34,29.595015989057114,True
3032,exit_to_user_mode_prepare,56,1.2855750753075925e-34,29.585846442553656,True
3207,get_any_partial,28,1.4972011314252076e-34,-29.50815063177599,True
3976,tlb_is_not_lazy,28,2.6666256923514064e-34,-29.67535097966746,True
2146,dentry_free,56,6.33625573209179e-34,28.78132782242489,True
903,locks_free_lock_context,14,3.335725940191564e-33,27.963702198609045,True
968,kmem_cache_alloc_node,56,6.878154361335527e-33,27.613753461767633,True
474,obj_cgroup_uncharge_pages,14,8.222789346790318e-33,-27.527982466219317,True
519,shrink_lock_dentry,56,1.6145316488750908e-32,27.205922559908036,True
851,lru_add_fn,56,2.994146633069835e-32,26.913927733596235,True
1053,kfree,14,7.098410663707008e-32,26.510257566671594,True
1092,mem_cgroup_from_slab_obj,14,7.913987585654743e-32,26.459760424700107,True
1721,vm_normal_page,56,1.37070750352235e-31,26.205963840892615,True
4244,free_percpu.part.0,28,1.3953359641267713e-31,-26.197769787012824,True
2370,destroy_context_ldt,28,2.5819150101765537e-31,-25.915921503337774,True
841,make_vfsgid,28,3.835985390223826e-31,25.735944293588457,True
2382,ptep_clear_flush,28,8.563115402693504e-31,-25.374065279663256,True
2634,page_remove_rmap,14,9.891615286303128e-31,25.309521591745156,True
893,kmalloc_trace,56,1.609053476108343e-30,25.092780110136232,True
2384,ptep_clear_flush,14,1.7900227637707392e-30,-25.045505677822952,True
3213,generic_smp_call_function_single_interrupt,28,5.404761392707445e-30,-28.279933001243133,True
2145,dentry_free,28,9.535320204925271e-30,24.313064960651104,True
992,kill_fasync,56,2.503906863059734e-29,23.898347295980656,True
1106,memcg_check_events,56,2.632936730857746e-29,23.876920443558795,True
2664,pgd_free,14,3.43832970280609e-29,-23.76337309778137,True
2475,psi_group_change,56,5.429021733184162e-29,23.570046760494343,True
986,ldsem_down_read_trylock,56,7.278356598589532e-29,23.44664134924008,True
880,mem_cgroup_from_task,28,1.792131845752588e-28,23.070542836058774,True
3033,exit_to_user_mode_prepare,14,2.437267995031281e-28,22.943314238338843,True
2844,eventfd_read,14,3.498625146126715e-28,22.794444636710367,True
3410,get_random_u32,28,9.25936021314418e-28,-22.39742102195544,True
1083,lock_mm_and_find_vma,14,1.262860155734009e-27,22.271977312263267,True
2455,pcpu_chunk_relocate,56,1.4530397320328278e-27,-22.21545344593147,True
1121,kmalloc_node_trace,56,3.327095808999324e-27,21.88391584917802,True
2481,pcpu_block_update,56,3.5421113903108246e-27,-21.859011549895456,True
2816,enqueue_hrtimer,56,5.026983540288015e-27,21.720186839547353,True
518,shrink_lock_dentry,28,6.22842605381218e-27,21.635545138618998,True
911,mem_cgroup_handle_over_high,56,1.1346143566874144e-26,21.400013321730935,True
2842,eventfd_read,28,1.4243206981595328e-26,21.31122522090291,True
2546,prep_compound_page,28,1.466681975164354e-26,-21.299802691244995,True
4255,find_busiest_group,14,1.474260941393367e-26,21.297794382733453,True
365,mod_objcg_state,56,1.6240792522052927e-26,21.260109123036177,True
1134,kmalloc_slab,14,2.90641635226891e-26,21.034571200571232,True
457,native_send_call_func_single_ipi,28,4.1270074263562073e-26,-20.899568569450718,True
695,setup_object,28,6.601603026443138e-26,-20.719725569569945,True
2274,cpuset_node_allowed,28,6.787949720835981e-26,-20.709105374338,True
4001,up_write,56,8.54576491822943e-26,20.621402804008742,True
3419,get_partial_node.part.0,28,1.1990910322353868e-25,20.49291351266281,True
1081,lock_mm_and_find_vma,28,1.424791824243306e-25,20.427721331071513,True
2224,do_wp_page,56,1.9036917524050442e-25,-20.318534187326637,True
842,make_vfsgid,56,2.3021255837983768e-25,20.247162657492048,True
458,native_send_call_func_single_ipi,56,2.5262728803966402e-25,20.212335913980276,True
1023,mem_cgroup_kmem_disabled,14,3.2993197880808676e-25,-20.11251261542137,True
1030,ldsem_down_read,28,3.544625125366028e-25,20.08575947141112,True
1108,memcg_account_kmem,28,3.724685290577912e-25,20.067290590237626,True
1786,wake_q_add_safe,28,6.027356659622943e-25,-20.106070422019023,True
2462,pick_next_task_fair,28,6.688092180688979e-25,19.850058194016437,True
1076,match_exception_partial,56,1.2168798787112326e-24,19.629714264244413,True
1107,memcg_check_events,14,1.6543298714091224e-24,19.51735328818984,True
1405,clockevents_program_event,28,1.801582079371528e-24,19.48623878029477,True
985,ldsem_down_read_trylock,28,2.294941053788505e-24,19.398113914840216,True
1096,ldsem_up_read,28,2.6878877044978003e-24,19.340725774242706,True
859,legitimize_links,28,2.8679661052385497e-24,19.317214816548113,True
1006,ktime_get_coarse_real_ts64,28,3.368472654950108e-24,19.258983912525846,True
1817,vmalloc_to_page,56,4.6524020937921155e-24,-19.142464254543373,True
459,native_send_call_func_single_ipi,14,7.682327359572636e-24,-18.962496617249634,True
1157,ksys_write,56,8.094404833816482e-24,18.943817133670183,True
252,iput,14,2.4269226672338718e-23,18.5542746455508,True
1333,cgroup_rstat_updated,28,2.5217474764233673e-23,18.540779994329476,True
3978,tlb_is_not_lazy,14,2.830598681500843e-23,-19.08957392765602,True
929,migrate_disable,56,4.624797109433913e-23,18.328159477610004,True
1489,alloc_pid,28,5.0760030229562926e-23,17.953467195483718,True
902,locks_free_lock_context,56,5.233114718284626e-23,18.285045717647954,True
358,mod_node_page_state,28,5.817440691568263e-23,-18.248170339131033,True
4274,find_idlest_group,28,8.580985095789156e-23,18.113206969399023,True
1091,mem_cgroup_from_slab_obj,56,9.067730970321712e-23,18.094105171353768,True
843,make_vfsgid,14,3.4657574799198623e-22,17.634121930800706,True
594,should_fail_alloc_page,56,3.8342755492696773e-22,17.599779998492647,True
3947,update_rq_clock,56,4.472880320919178e-22,17.54751149045971,True
2482,pcpu_block_update,14,4.505570306089375e-22,-17.545043386210963,True
975,locks_remove_posix,14,5.628365257538571e-22,17.469740592961756,True
2223,do_wp_page,28,6.809298889049474e-22,-17.405451233280157,True
4417,folio_test_hugetlb,14,7.122065216301463e-22,17.390316271779007,True
460,native_flush_tlb_local,28,9.10926530724877e-22,-17.307533706484367,True
899,mlock_drain_local,56,9.140170540825998e-22,17.30639620451148,True
2548,prep_compound_page,14,1.3563196082869818e-21,-17.17418311899954,True
4088,update_dl_rq_load_avg,56,2.1524167182154762e-21,17.020327456916505,True
360,mod_node_page_state,14,4.691455032561769e-21,-16.762795265488492,True
3209,get_any_partial,14,8.404572237710521e-21,-16.571741935034503,True
987,ldsem_down_read_trylock,14,8.930462742052287e-21,16.551934310398465,True
1129,make_vfsuid,28,9.759646538290112e-21,16.522984574014593,True
2815,enqueue_hrtimer,28,1.2757182676815522e-20,16.4358498431398,True
1097,ldsem_up_read,56,1.8693663398974876e-20,16.312050546288475,True
3836,update_rt_rq_load_avg,56,2.6158286851187667e-20,16.203677054635243,True
1228,check_cpu_stall,28,9.561604278990364e-20,15.789781519287784,True
2774,exit_to_user_mode_loop,56,9.598227031239106e-20,15.788570522472842,True
825,kmem_cache_alloc,14,1.0349273442177594e-19,15.76471676687409,True
2454,pcpu_chunk_relocate,28,1.50920707578275e-19,-15.645598673349838,True
2520,pipe_read,56,3.4438479218281846e-19,15.386994025089958,True
3664,raw_spin_rq_lock_nested,28,4.0640198265880944e-19,15.335399817837828,True
2371,destroy_context_ldt,56,4.3162302824148943e-19,-15.316664386032521,True
697,setup_object,14,4.361663834854162e-19,-15.31340745334836,True
462,native_flush_tlb_local,14,5.1835700479816265e-19,-15.259768659196679,True
1031,ldsem_down_read,56,6.213366571705402e-19,15.203586603276069,True
1414,calc_global_load_tick,28,7.247658381355819e-19,15.155943263159058,True
1561,bit_waitqueue,28,7.290743460914249e-19,14.92490896142136,True
1816,vmalloc_to_page,28,1.165894697228982e-18,-15.129042705351294,True
2116,destroy_inode,56,1.1890101670713921e-18,15.003359983302893,True
2140,dl_task_check_affinity,56,1.3078631314946628e-18,14.974096109127244,True
2651,pty_unix98_remove,56,1.74235655710861e-18,14.886188143100192,True
1063,mnt_drop_write,28,4.539824159458134e-18,14.594828760033169,True
921,lookup_dcache,14,5.094095753330253e-18,14.559999629626402,True
3857,update_group_capacity,56,5.243760884525166e-18,14.551251765548722,True
1105,memcg_check_events,28,6.806174192313344e-18,14.472598009948301,True
2383,ptep_clear_flush,56,8.345667868597661e-18,-14.41126275119612,True
2544,put_prev_entity,56,9.37204848178659e-18,14.376438022331318,True
1776,xfd_validate_state,14,9.545186773995989e-18,14.370946223800821,True
1933,task_h_load,56,1.0255628724700462e-17,14.34941961953195,True
1275,cpuacct_account_field,56,1.1619057123454639e-17,14.312033504204805,True
2474,psi_group_change,28,1.5102280261913294e-17,14.233672214175513,True
979,lru_gen_add_mm,28,1.6220894740489513e-17,14.212357608615855,True
1775,xfd_validate_state,56,2.2948690324773835e-17,14.1091049180919,True
2139,dl_task_check_affinity,28,2.656467293973896e-17,14.065681705879932,True
2141,dl_task_check_affinity,14,3.0951905164304355e-17,14.02039642134857,True
4209,filemap_get_entry,56,3.20847780256268e-17,14.009757674210416,True
4056,uprobe_deny_signal,14,3.866509125373029e-17,13.954614209887552,True
3042,drain_stock,14,4.1702943785508076e-17,-13.932290243574926,True
3412,get_random_u32,14,4.841270878002133e-17,-13.888310817370236,True
1788,wake_q_add_safe,14,5.094491004045622e-17,-16.973453404849625,True
993,kill_fasync,14,5.622177902174046e-17,13.84430087473934,True
4233,free_pid,56,5.667005586442459e-17,13.841965668443219,True
1563,bit_waitqueue,14,1.2193620592829684e-16,13.43671713071722,True
3567,select_task_rq_fair,14,1.2371320079328048e-16,13.613395090326303,True
876,kmem_cache_free_bulk.part.0,14,1.9836216914424826e-16,13.476112976535031,True
943,klp_copy_process,28,2.057998786551347e-16,13.465439157441688,True
2662,pgd_free,28,2.0857169807148264e-16,-13.461560771332236,True
3954,uncharge_batch,14,2.397119248003595e-16,13.421253645791243,True
964,load_balance,28,2.5817911286573366e-16,13.39978125398605,True
922,ktime_get_with_offset,28,2.8140763334719984e-16,13.374877213511668,True
3421,get_partial_node.part.0,14,3.023979436108223e-16,13.354098857845406,True
528,set_task_rq_fair,56,3.3446302837980914e-16,13.325016645128311,True
4054,uprobe_deny_signal,28,3.366816972028337e-16,13.323109862650975,True
1512,apparmor_inode_free_security,14,3.789225366511549e-16,13.117833988601719,True
3214,generic_smp_call_function_single_interrupt,56,4.765672490578181e-16,-13.223088299483178,True
4340,flush_tlb_func,28,6.508078771810463e-16,-13.133703264253674,True
1211,cpuset_cpus_allowed,56,6.6339506283904e-16,13.12821781730687,True
1046,migrate_task_rq_fair,56,6.71618980600667e-16,13.402127316287482,True
1335,cgroup_rstat_updated,14,1.0235143279085352e-15,13.00434128608854,True
4234,free_pid,14,1.0931202949381468e-15,12.985594431042541,True
1774,xfd_validate_state,28,1.2597272300840912e-15,13.031019372116535,True
4253,find_busiest_group,28,1.419788040603651e-15,12.911219175849864,True
59,inode_wait_for_writeback,28,1.4869256870035729e-15,12.898097642306716,True
1274,cpuacct_account_field,28,1.9156346114063606e-15,12.826261174393869,True
129,insert_vmap_area.constprop.0,56,2.4111959987258754e-15,12.761182917877527,True
4106,update_min_vruntime,56,2.4731245018156413e-15,12.754019139677476,True
870,mb_clear_bits,14,2.5998208697923832e-15,12.739911307753927,True
2147,dentry_free,14,3.042012303887128e-15,12.695602391762774,True
3722,refill_stock,14,4.41124746511602e-15,-12.59104862252301,True
2632,page_remove_rmap,28,4.663328265119144e-15,12.575448019377113,True
2659,pick_next_entity,28,5.1395415817741225e-15,12.548172413941925,True
3946,update_rq_clock,28,5.337128092040739e-15,12.537597500171932,True
868,mb_clear_bits,28,6.009970674837287e-15,12.50433988831103,True
3572,raw_spin_rq_unlock,56,6.092806766050093e-15,12.500508044927697,True
2545,put_prev_entity,14,6.441586759498527e-15,12.484931284250731,True
1229,check_cpu_stall,56,7.512054395891149e-15,12.441957252271102,True
3669,record_times,14,7.60542922387643e-15,12.438506888850462,True
1065,mnt_drop_write,14,1.1217206701209063e-14,12.330186563673681,True
1510,apparmor_inode_free_security,28,1.2139668925876085e-14,12.164486107589495,True
3112,dup_fd,28,1.2263094715772467e-14,12.30539497154101,True
1151,lru_add_drain_cpu,56,1.4457977716614238e-14,12.259661322997923,True
473,obj_cgroup_uncharge_pages,56,3.319297529523202e-14,-12.029921803260098,True
2633,page_remove_rmap,56,3.739400761157063e-14,11.997127767260798,True
1034,lapic_next_event,56,4.0137285937477986e-14,11.977663623789976,True
3041,drain_stock,56,5.121216135346088e-14,-11.910768412597545,True
2604,pids_release,14,5.681900908307232e-14,11.882292617118233,True
1099,kmem_cache_alloc_bulk,28,5.706702278466435e-14,11.881099445231804,True
250,iput,28,7.137828668279728e-14,11.819863740112952,True
2207,deactivate_super,14,8.021504213063915e-14,11.7879732745591,True
2663,pgd_free,56,8.263662282697401e-14,-11.779852418100907,True
1393,cpuacct_charge,28,9.422727166992594e-14,11.74403995613297,True
2464,pick_next_task_fair,14,9.557083210400711e-14,11.740179607667725,True
1213,check_spread.isra.0,28,1.1481666248650053e-13,11.690199686155795,True
4366,free_uid,14,1.1947434690065258e-13,11.6793780181323,True
1008,ktime_get_coarse_real_ts64,14,1.5063863963788017e-13,11.616378121189172,True
997,mempolicy_slab_node,28,1.9069625714556667e-13,-11.55242111853784,True
2463,pick_next_task_fair,56,2.073067032273663e-13,11.529800387186427,True
3563,restore_fpregs_from_fpstate,56,2.2553514879141642e-13,11.506991019742143,True
953,ktime_get,56,2.417441993999601e-13,11.488219654523157,True
839,ktime_get_update_offsets_now,56,2.554110927491119e-13,11.47335381835567,True
1969,task_work_run,56,2.7563823619023696e-13,11.452763588876188,True
1322,copy_fd_bitmaps,28,4.196093786595733e-13,11.33947883465901,True
861,legitimize_links,14,5.157730777961227e-13,11.284004788913702,True
3034,ext4_release_file,28,5.304731949640037e-13,11.276457183726423,True
966,load_balance,14,5.401166718356947e-13,11.271619579758447,True
1301,check_cfs_rq_runtime,28,5.528044207979703e-13,11.265385866713412,True
536,siginfo_layout,28,5.658728049707361e-13,11.25911421396584,True
3874,update_sd_pick_busiest,28,7.098605915112994e-13,11.198328230879046,True
1156,ksys_write,28,7.141915197146438e-13,11.196698892664854,True
257,irq_enter_rcu,56,7.42787919547148e-13,11.18618447110813,True
3856,update_group_capacity,28,1.052923931185619e-12,11.092890270710184,True
1406,clockevents_program_event,56,1.2255013142264598e-12,11.05239167006593,True
253,integrity_inode_free,28,1.2387070381162124e-12,11.04953371429389,True
251,iput,56,1.2624729466891028e-12,11.044466889429845,True
3876,update_sd_pick_busiest,14,1.3923587992014917e-12,11.018370758411931,True
1394,cpuacct_charge,56,1.460278178833363e-12,11.00568623242921,True
1415,calc_global_load_tick,56,1.583755762302367e-12,10.984079297125664,True
2290,do_set_pte,56,1.7470811502212998e-12,10.95797286517756,True
3878,up_read,56,1.941354400970839e-12,10.929949977785222,True
1210,cpuset_cpus_allowed,28,2.292936025904031e-12,10.88576138115789,True
3875,update_sd_pick_busiest,56,4.355154310900619e-12,10.715994072999258,True
3953,uncharge_batch,56,5.1921917345467545e-12,10.669621700408221,True
3835,update_rt_rq_load_avg,28,6.543836973160494e-12,10.608685621335303,True
1198,cpu_util,28,7.221762108291267e-12,10.582756108848375,True
4087,update_dl_rq_load_avg,28,7.314487445254782e-12,10.579401627961477,True
286,inode_has_buffers,28,1.143481478934619e-11,10.462123995813212,True
1298,check_preempt_curr,28,1.1808723205799084e-11,10.453693456597234,True
3665,raw_spin_rq_lock_nested,56,1.2004717899964527e-11,10.4493811537393,True
2603,pids_release,56,1.313325924164578e-11,10.42585302807568,True
2276,cpuset_node_allowed,14,1.34633530103823e-11,-10.41935533056557,True
2117,destroy_inode,14,1.3803886973098e-11,10.412818169214082,True
3215,generic_smp_call_function_single_interrupt,14,1.3822817698271475e-11,-11.292412505713296,True
875,kmem_cache_free_bulk.part.0,56,1.9135340698586306e-11,10.32745632315587,True
1036,lock_sock_nested,28,2.0301948619328197e-11,10.31200950905535,True
472,obj_cgroup_uncharge_pages,28,2.5695241006852127e-11,-10.250581560688577,True
999,mempolicy_slab_node,14,3.2676216016390045e-11,-10.188018684099262,True
520,shrink_lock_dentry,14,3.492452431611887e-11,10.170715694488418,True
4019,update_cfs_group,56,3.512732741995614e-11,10.169210457785898,True
1491,alloc_pid,14,3.828376791515371e-11,10.055759656202484,True
2460,psi_flags_change,56,4.277776495305594e-11,10.118022216208418,True
4415,folio_test_hugetlb,28,5.0006953534787035e-11,10.077506587024304,True
1174,cap_task_setscheduler,28,5.396651400249605e-11,10.05774942625279,True
1600,anon_vma_interval_tree_remove,28,6.936754909180836e-11,9.904952918880126,True
2459,psi_flags_change,28,8.252804912484725e-11,9.947798126721272,True
346,newidle_balance,28,9.083593514102223e-11,9.92301245813442,True
3952,uncharge_batch,28,9.79159692291212e-11,9.903628338738391,True
1135,kthread_is_per_cpu,28,1.10778746027668e-10,9.871771824074157,True
1021,mem_cgroup_kmem_disabled,28,1.3191311363233943e-10,9.826747001031208,True
1658,anon_pipe_buf_release,14,1.4769265554107846e-10,9.713970276774907,True
4297,finish_task_switch.isra.0,14,1.496000642678274e-10,9.794332682492012,True
3494,resched_curr,28,1.624246323281797e-10,9.773157347460756,True
2609,pick_next_task_idle,56,1.7299428772773429e-10,9.756933424242257,True
1268,clear_buddies,28,1.8702601982838549e-10,9.7368722209142,True
538,siginfo_layout,14,2.372179447709931e-10,9.675778399277007,True
2843,eventfd_read,56,2.5587711687402847e-10,9.656338012225765,True
1037,lock_sock_nested,56,2.5920935989879137e-10,9.653016888953802,True
3806,uevent_show,56,3.0662079623768067e-10,9.609923620720906,True
952,ktime_get,28,3.4815396942613123e-10,9.577361788538951,True
2429,put_cpu_partial,14,4.3803817427587255e-10,9.518553444976023,True
2543,put_prev_entity,28,4.608670959913997e-10,9.505554626828651,True
2661,pick_next_entity,14,5.216953666984328e-10,9.47384949121657,True
3721,refill_stock,56,6.09380437874276e-10,-9.434148422316795,True
941,mark_page_accessed,56,6.104270986780771e-10,9.433710067839426,True
1831,wake_up_new_task,28,7.147464997195203e-10,9.433388520953768,True
869,mb_clear_bits,56,7.88629094078261e-10,9.368328744789371,True
629,set_next_entity,28,8.772924117208765e-10,9.341158422486336,True
3216,get_random_u64,28,9.265126324835919e-10,9.327243702460212,True
1875,vfsgid_in_group_p,28,9.628463375843632e-10,9.356606859314233,True
124,kernel_wait4,14,1.2385277031391998e-09,9.253321785989908,True
1101,kmem_cache_alloc_bulk,14,1.2694918764981772e-09,9.247037800173883,True
348,newidle_balance,14,1.555108478742008e-09,9.19542546211526,True
3659,refill_obj_stock,56,1.7223667170853391e-09,9.169463182747297,True
506,native_flush_tlb_one_user,56,1.908745863675663e-09,9.143363007674079,True
919,lookup_dcache,28,1.9656586793806704e-09,9.135901885452077,True
61,inode_wait_for_writeback,14,2.362873713876714e-09,9.089186555468006,True
1891,ldt_dup_context,28,2.786116761662717e-09,9.047398616487428,True
672,smp_call_function_many_cond,56,2.9729105369569007e-09,-9.030949500488646,True
4276,find_idlest_group,14,3.569134538093399e-09,8.98464306048705,True
2461,psi_flags_change,14,3.6824008513460986e-09,8.9767318726349,True
434,need_active_balance,56,5.188325939831367e-09,9.166075998538707,True
3019,drop_nlink,28,6.2244082217173104e-09,8.84396649644553,True
1883,vma_interval_tree_augment_rotate,14,6.5710413877917486e-09,-8.830275494725218,True
1041,membarrier_update_current_mm,14,6.753699050631989e-09,8.82334999894966,True
4416,folio_test_hugetlb,56,8.125912159594788e-09,8.7766484564614,True
1299,check_preempt_curr,56,8.87449336041591e-09,8.754410243155185,True
4364,free_uid,28,9.392753569453768e-09,8.74009123114042,True
3858,update_group_capacity,14,1.0811591923248035e-08,8.704612518922422,True
1131,make_vfsuid,14,1.1389346753725505e-08,8.691488002178021,True
3666,raw_spin_rq_lock_nested,14,1.2047891832439448e-08,8.677319537388021,True
1100,kmem_cache_alloc_bulk,56,1.2446507355397272e-08,8.669116262806213,True
2912,dput,56,1.2861336906205357e-08,8.660854640336838,True
2226,dentry_unlink_inode,28,1.3340457390361808e-08,8.651639079656404,True
2660,pick_next_entity,56,1.3701296424265272e-08,8.644915249742622,True
4232,free_pid,28,1.4770468973458871e-08,8.625988569163786,True
3729,raise_softirq,28,1.5595240041598323e-08,8.612305023157678,True
2228,dentry_unlink_inode,14,1.9478471999450023e-08,8.556337038371353,True
2650,pty_unix98_remove,28,2.0430171811921013e-08,8.544334560120372,True
1064,mnt_drop_write,56,2.2528140131406253e-08,8.51974480173915,True
3004,evict,28,2.6925303869788268e-08,8.474911676996152,True
2506,profile_tick,14,2.693338748826804e-08,8.474836218330582,True
3903,unmap_page_range,14,2.9926867973240394e-08,8.448347446684078,True
1047,migrate_task_rq_fair,14,3.149899197232737e-08,8.435481980924141,True
4066,try_charge_memcg,28,3.298416123131383e-08,8.423906415731635,True
1125,ldt_arch_exit_mmap,14,3.3715416996279975e-08,8.41839759992786,True
2602,pids_release,28,3.4545531446138953e-08,8.412287419976195,True
853,memcg_list_lru_alloc,28,3.53502795363688e-08,8.40650290756931,True
3035,ext4_release_file,56,3.6046280290163485e-08,8.401605572774383,True
2174,do_filp_open,14,3.845999774976805e-08,8.385327243482791,True
3758,remove_vm_area,14,4.095982972774987e-08,-8.369514184403206,True
3614,run_posix_cpu_timers,56,4.260046389232368e-08,8.359653658038605,True
1175,cap_task_setscheduler,56,4.888613426933353e-08,8.325106416738507,True
2289,do_set_pte,28,6.450745189557432e-08,8.255537561075037,True
4089,update_dl_rq_load_avg,14,6.980820398761419e-08,8.235732599216032,True
828,mm_release,14,8.451117283380243e-08,8.187812771138871,True
1045,migrate_task_rq_fair,28,9.468877091507948e-08,8.18738286956368,True
3599,remove_entity_load_avg,56,1.212580121434257e-07,8.124875875808893,True
255,integrity_inode_free,14,1.4081363005203142e-07,8.059895901240317,True
2495,pcpu_block_refresh_hint,28,1.4203121189900991e-07,8.057739778026006,True
1390,chacha_permute,28,1.5036699672109362e-07,-8.043457808506691,True
2364,crng_fast_key_erasure,28,1.533628016424503e-07,-8.03851796624316,True
288,inode_has_buffers,14,1.7864449398486637e-07,8.000313193430923,True
696,setup_object,56,2.0057515476076408e-07,-7.9713276053508215,True
874,kmem_cache_free_bulk.part.0,28,2.031971593147088e-07,7.968076711804678,True
1354,cgroup_css_set_fork,28,2.1162849679043232e-07,7.957900743501237,True
1253,copy_semundo,28,2.396009430431933e-07,7.926831392661137,True
193,inode_io_list_del,14,2.531035473221467e-07,7.913111921217074,True
2205,deactivate_super,28,2.5460193756519444e-07,7.91163486287728,True
2320,decay_load,56,2.619955720286969e-07,7.904471603009441,True
4309,free_pcppages_bulk,14,2.6303251173644247e-07,-7.929363695893308,True
1946,thread_group_cputime,14,2.9817926268023634e-07,7.872102160791995,True
87,irq_exit_rcu,56,3.231184117585619e-07,7.852005973647889,True
2198,do_wait,14,3.761982213154377e-07,7.813956512727751,True
978,kill_orphaned_pgrp,14,4.654662136436111e-07,7.760697126741375,True
507,native_flush_tlb_one_user,14,5.596721687646344e-07,7.714599121286826,True
2502,pmd_huge,56,5.923801786769157e-07,7.700394191858459,True
965,load_balance,56,6.56995323813657e-07,7.674502474523564,True
3712,reweight_entity,56,6.73007237302344e-07,7.668480506352235,True
1384,cgroup_move_task,28,6.980550183807567e-07,7.659341785883906,True
2121,do_futex,28,7.452792761335054e-07,-7.642970745952117,True
3730,raise_softirq,56,7.464027532876949e-07,7.6425940332289946,True
1136,kthread_is_per_cpu,56,7.559662841212867e-07,7.639410058321854,True
3788,rwsem_spin_on_owner,28,7.736851922616766e-07,-8.370424383781721,True
2817,enqueue_hrtimer,14,8.104949186856774e-07,7.62199188414473,True
1032,ldsem_down_read,14,8.212405015087094e-07,7.618697993023722,True
2681,page_move_anon_rmap,14,8.224601127453046e-07,7.6183268667508255,True
2805,drain_obj_stock,14,9.035226199542717e-07,-7.84239177553436,True
1098,ldsem_up_read,14,9.419658942926185e-07,7.58439739067802,True
2427,put_cpu_partial,28,9.463195719125444e-07,7.583244148440213,True
4434,find_busiest_queue,56,9.798198660242145e-07,7.820397393232243,True
2426,ptep_set_access_flags,14,1.1076101402638579e-06,7.543883803522855,True
630,set_next_entity,56,1.2096166785027968e-06,7.521849503669315,True
2679,page_move_anon_rmap,28,1.3157610417987868e-06,7.500811577441299,True
406,native_queued_spin_lock_slowpath,28,1.3675682591997166e-06,7.491151935627864,True
976,kill_orphaned_pgrp,28,1.410592568297044e-06,7.4834039114275654,True
3786,queued_read_lock_slowpath,56,1.443498929449224e-06,7.5727850325022334,True
2181,detach_pid,28,1.6293447505850056e-06,7.447340711637249,True
1461,acct_collect,14,1.6767044315052656e-06,7.398220854836713,True
1186,cpuset_can_fork,28,2.204373004400041e-06,7.371715789315973,True
2551,pte_offset_map_nolock,14,2.273499976942114e-06,7.363989150105775,True
3680,remove_vma,14,2.3145796449439696e-06,7.359507890601544,True
2424,ptep_set_access_flags,28,2.4847249823436653e-06,7.3417562182256795,True
3837,update_rt_rq_load_avg,14,2.6888309334445333e-06,7.321997976009098,True
1231,check_stack_object,28,2.6990785183816463e-06,7.321045878000921,True
1431,collect_signal,14,2.8166544294596266e-06,7.310373172561965,True
364,mod_objcg_state,28,2.9418600786320835e-06,7.299486338783652,True
2628,page_cpupid_xchg_last,14,3.0382212315166812e-06,7.291418153956559,True
366,mod_objcg_state,14,3.150675783188275e-06,7.28231950301602,True
2608,pick_next_task_idle,28,3.1570735638205324e-06,7.281811655816396,True
2682,pids_can_fork,28,3.3114474577773063e-06,7.26985950669143,True
4308,free_pcppages_bulk,56,3.4312649174587918e-06,-7.260960237372135,True
2743,exit_signals,14,3.6059745834218378e-06,7.2485249131151495,True
2626,page_cpupid_xchg_last,28,3.7986723265886645e-06,7.235488421559114,True
2115,destroy_inode,28,4.032572103816802e-06,7.220523965323686,True
576,signalfd_cleanup,56,4.081866652175882e-06,7.217480933764222,True
3036,ext4_release_file,14,4.08500854519724e-06,7.217288225067661,True
907,key_put,28,4.092660176969565e-06,7.216819528750719,True
2547,prep_compound_page,56,5.52382238244298e-06,-7.141691046182113,True
4286,folio_mark_accessed,28,6.2296817031177436e-06,7.111549789061069,True
1271,cgroup_css_set_put_fork,28,6.644230970224741e-06,7.095398907492424,True
2271,down_read_trylock,28,6.647536466742401e-06,7.095274207003715,True
1120,kmalloc_node_trace,28,8.101777226341925e-06,7.045660730645103,True
1050,mm_put_huge_zero_page,14,8.144818435388909e-06,7.044331626392027,True
1564,alloc_vmap_area,28,8.817528199324396e-06,6.988269203484793,True
1562,bit_waitqueue,56,9.254067190266712e-06,7.012297593261372,True
3006,evict,14,1.0179690619285093e-05,6.988372277537774,True
1833,wake_up_new_task,14,1.0289283322247642e-05,6.985684406458709,True
920,lookup_dcache,56,1.0767559060782535e-05,6.974278889503729,True
2773,exit_to_user_mode_loop,28,1.0916837818446253e-05,6.970822270448785,True
1645,available_idle_cpu,56,1.1406403215035334e-05,6.959808006955012,True
4018,update_cfs_group,28,1.1991884255906142e-05,6.947238586271041,True
1932,task_h_load,28,1.435593917860997e-05,6.902038459708138,True
3852,ttwu_queue_wakelist,14,1.6688057726408455e-05,-6.8642034818126225,True
3514,put_ucounts,14,1.8699954150975527e-05,-6.835579739097555,True
3063,ext4_release_dir,14,1.9447028719217063e-05,6.825726204508964,True
2741,exit_signals,28,2.0282573122089825e-05,6.815142937785265,True
1200,cpu_util,14,2.034136655586268e-05,6.814414679764791,True
1676,apparmor_file_free_security,28,2.1872801687335088e-05,6.7629784012475325,True
3274,idle_cpu,56,2.2092317025617422e-05,6.793635856230989,True
2183,detach_pid,14,2.309488687058224e-05,6.782464865803939,True
205,inode_query_iversion,14,2.4284675925282965e-05,6.76981822400307,True
967,kmem_cache_alloc_node,28,2.4680103056557175e-05,6.765751388483064,True
3897,update_curr,14,2.5170394697095165e-05,6.760798073679931,True
3273,idle_cpu,28,2.7321569241176218e-05,6.740143493361476,True
2532,pty_flush_buffer,56,2.806883201728276e-05,6.733345872986019,True
282,invalidate_inode_buffers,14,3.0292053878928748e-05,6.714138810183979,True
4131,find_idlest_group_cpu,14,3.084961590781088e-05,-6.709542082909326,True
2319,decay_load,28,3.22025224674108e-05,6.698723378652332,True
3369,get_ucounts,28,3.4019275804729086e-05,6.684886395059341,True
4463,uprobe_end_dup_mmap,28,3.7452471965488026e-05,6.660637682411906,True
2125,do_unlinkat,56,4.375816049846214e-05,6.621368884822632,True
4341,flush_tlb_func,56,4.577989082401144e-05,-6.6099648533780915,True
3275,idle_cpu,14,5.148759459873089e-05,6.5802862987031014,True
1396,clear_posix_cputimers_work,28,5.212523378854269e-05,6.5771762762898796,True
2206,deactivate_super,56,5.268571153427003e-05,6.574473694701595,True
3086,eventfd_release,56,5.399412387126845e-05,6.568274324270623,True
1137,kthread_is_per_cpu,14,5.679563739486891e-05,6.555488272546754,True
3785,queued_read_lock_slowpath,28,5.823444264674711e-05,6.89975562311289,True
1123,ldt_arch_exit_mmap,28,6.17806640249913e-05,6.534214950192515,True
1476,blake2s_update,14,6.21980620514989e-05,6.502607974645011,True
4105,update_min_vruntime,28,6.712449810245193e-05,6.513228327413716,True
5,irq_fpu_usable,14,6.765995698527776e-05,6.511217796102512,True
154,is_dx_dir,14,6.81504891907016e-05,6.509389791770007,True
2292,do_poll.constprop.0,28,6.903199331803337e-05,6.506137439889553,True
2480,pcpu_block_update,28,6.918282739965486e-05,-6.505585070548737,True
1103,meminfo_proc_show,56,7.6944918197461e-05,-6.478665024204625,True
1221,cgroup_release,14,7.964343083826994e-05,6.469935150251715,True
4420,free_swap_cache,14,7.968597124551467e-05,6.469799896036335,True
2549,pte_offset_map_nolock,28,9.227388283741076e-05,6.432634209297678,True
2243,delete_from_page_cache_batch,14,9.496009054253239e-05,6.425358820709612,True
2556,policy_nodemask,56,0.00011570660750102207,6.375223691393003,True
3977,tlb_is_not_lazy,56,0.0001183323598327512,-6.369526298540875,True
2054,str2hashbuf_signed,14,0.00012289172125507503,6.35992535142837,True
1783,wake_affine,28,0.00013153883393635563,-6.3572442370780795,True
4068,try_charge_memcg,14,0.00014849314798961972,6.311832071908241,True
4254,find_busiest_group,56,0.0001555432058896374,6.300033980769747,True
3895,update_curr,28,0.00017065653924614173,6.2764362998043834,True
3888,try_to_free_buffers,14,0.0001734123516596495,6.272358129854253,True
4485,search_exception_tables,56,0.00018052561065236736,6.290861207581145,True
891,mm_update_next_owner,14,0.0001928341456127786,6.245320425902276,True
981,lru_gen_add_mm,14,0.00021723099087140872,6.214953123180949,True
294,is_bad_inode,14,0.00021986502340496728,6.2118793004076345,True
982,map_id_range_down,28,0.00022523216584872133,6.205727542968406,True
1785,wake_affine,14,0.00023478620247995664,-6.1951283020677295,True
300,jbd2__journal_start,14,0.00029560279279038787,6.136296568392395,True
2081,stop_this_handle,14,0.0003768119132148362,6.074179351461434,True
2485,pipe_release,14,0.00037865480875266144,6.072929476309415,True
527,set_task_rq_fair,28,0.00038336786006001736,6.069760252142326,True
3448,session_clear_tty,14,0.0004097091867326837,6.052729030686588,True
2917,enqueue_entity,28,0.00041464647899187314,6.049657930221656,True
3948,update_rq_clock,14,0.00041606288296366857,6.048783585169947,True
3963,vfree.part.0,14,0.0004286364196561877,-6.04114881025797,True
2412,put_files_struct,28,0.00043187061688564445,6.039220861049416,True
2804,drain_obj_stock,56,0.00043234006684267915,-6.078821222453639,True
1259,cgroup_fork,28,0.00044462653267273784,6.0317538816240335,True
3358,hrtimer_forward,56,0.00045590673478031435,6.025325532085405,True
2576,prepare_to_wait_event,28,0.00045617862068449947,6.025172542627871,True
892,kmalloc_trace,28,0.0004924954329255159,6.00550877116672,True
3059,exit_files,56,0.0005315426533917751,5.99842191798371,True
2677,posix_cputimers_group_init,28,0.0005425374625134997,5.980646969813159,True
972,mem_cgroup_update_tree,14,0.0005539847455675899,5.975279690280628,True
945,klp_copy_process,14,0.000558784632991543,5.973061785679784,True
1234,copy_pte_range,28,0.0005652122287251284,5.970121131447728,True
3861,userfaultfd_unmap_prep,14,0.0005715542920189527,5.967251894557566,True
4129,find_idlest_group_cpu,28,0.000590910482832995,5.958685947973659,True
187,jbd2_write_access_granted,14,0.000594165391130972,5.957272857908473,True
2713,ext4_sb_block_valid,14,0.0006200940449722994,5.946282497851672,True
4307,free_pcppages_bulk,28,0.0006229644385283609,-5.945093919347447,True
499,mntput,28,0.0006311705220961315,5.941725605368693,True
3902,unmap_page_range,56,0.0006673545618772692,5.927372680934412,True
990,ktime_get_real_seconds,14,0.0007083244854285318,5.912023490180718,True
3594,restore_altstack,14,0.0007084881694623194,5.911963946943248,True
1039,membarrier_update_current_mm,28,0.000709381243507286,5.911639313629406,True
433,need_active_balance,28,0.0007428137729927748,6.026429664745316,True
17,kernel_fpu_end,14,0.000757772874034141,5.894627881509858,True
3553,select_idle_core,28,0.0007729620884724305,5.999252931787614,True
1618,anon_vma_ctor,28,0.0008480344286792034,-5.843103740421685,True
128,insert_vmap_area.constprop.0,28,0.0008580690897301204,5.862553762804932,True
3850,ttwu_queue_wakelist,28,0.0008721394719206174,-5.858353820596782,True
3087,eventfd_release,14,0.0008836640975427518,5.854963426278375,True
2505,profile_tick,56,0.0009181866714016432,5.8450631340619505,True
505,native_flush_tlb_one_user,28,0.0009387278540278475,5.839345709567421,True
306,inode_sub_bytes,14,0.0009774362114223847,5.828900316352525,True
2483,pipe_release,28,0.0010151660997619644,5.819105584262226,True
1040,membarrier_update_current_mm,56,0.0010160144320226232,5.818889519581588,True
347,newidle_balance,56,0.001045436193822808,5.811504348356759,True
407,native_queued_spin_lock_slowpath,56,0.00106448314339646,5.8068322005158475,True
4296,finish_task_switch.isra.0,56,0.0010768342814776975,5.803846501815983,True
1214,check_spread.isra.0,56,0.0010908641986424774,5.800495801043305,True
1577,alloc_pages,56,0.0011234894573718343,5.792866007099615,True
1222,check_preempt_wakeup,28,0.0012103304193160473,5.7735782451230016,True
1302,check_cfs_rq_runtime,56,0.0012211410367765105,5.771273569192341,True
3843,unlink_anon_vmas,14,0.0012760816228990011,5.75986421864688,True
1048,mm_put_huge_zero_page,28,0.0013022106106842066,5.7546074627503145,True
2225,do_wp_page,14,0.001337991224078648,-5.747575660021168,True
3658,refill_obj_stock,28,0.0013742433057181533,5.740638294630737,True
2895,eventfd_poll,14,0.0013904112172268585,5.737602469476148,True
1511,apparmor_inode_free_security,56,0.0014077305185648766,5.734388918836136,True
28,inet_csk_listen_stop,14,0.0014688141192310254,5.723358918827464,True
2373,dec_rlimit_ucounts,28,0.0015868569053613813,5.703272189282933,True
4443,fpstate_free,56,0.001644925020456417,-5.752907486572103,True
2570,pgd_ctor,28,0.0016634480571932461,5.691014350516682,True
3562,restore_fpregs_from_fpstate,28,0.001688994775833271,5.687049539724676,True
4252,filldir64,14,0.001774304371807461,5.674226111651782,True
2552,pid_vnr,28,0.0017803849950334672,5.673335490179666,True
2573,pcpu_memcg_post_alloc_hook,28,0.0018458261065234616,5.663936199770289,True
4313,filename_lookup,28,0.0019097972388527839,-5.655060962905984,True
3438,get_mem_cgroup_from_mm,56,0.0020127345779721237,-5.641378225979844,True
3642,queue_work_on,14,0.002161640013918902,5.622761470079097,True
4295,finish_task_switch.isra.0,28,0.00228643800106449,5.6081094548399815,True
315,insert_revoke_hash,14,0.0023836681797116295,5.597231310908808,True
1877,vfsgid_in_group_p,14,0.002400698611587552,5.595371126141195,True
3528,recalc_sigpending,14,0.0026458907510263753,5.569944064421822,True
641,set_fs_pwd,28,0.003680119413616699,5.4834316137924874,True
3575,rw_verify_area,56,0.003705528055480583,5.48162331847575,True
2596,pcpu_next_fit_region.constprop.0,28,0.0037585549847365713,5.477888530161012,True
2172,do_filp_open,28,0.0037592714909014807,5.477838421823515,True
2375,dec_rlimit_ucounts,14,0.003833213310148301,5.472717335486123,True
2918,enqueue_entity,56,0.0038506153488290307,5.4715262622174174,True
3571,raw_spin_rq_unlock,28,0.003970033265434704,5.463493166741833,True
1185,copy_fpstate_to_sigframe,14,0.004072921719113517,5.456760775753062,True
632,smp_call_function_single_async,28,0.004158739555322541,-5.45127240311351,True
4011,uncharge_folio,14,0.0042580261660679995,5.445060266508099,True
3896,update_curr,56,0.004417020698596973,5.43540371799907,True
4067,try_charge_memcg,56,0.004504015802145596,5.430264087891534,True
4002,up_write,14,0.004672599726952043,5.420576892116661,True
1602,anon_vma_interval_tree_remove,14,0.00484881740472405,5.392693831548296,True
954,ktime_get,14,0.005035800747823155,5.400826680064093,True
1127,mem_cgroup_css_from_folio,56,0.0050661565044833184,5.399240089329251,True
467,mutex_is_locked,56,0.005314439797957624,5.386604089275257,True
628,set_next_buddy,14,0.005397319170782574,5.382515242863046,True
2273,down_read_trylock,14,0.005475596199423675,5.378709850621126,True
1269,clear_buddies,56,0.005711414261772143,5.367561369100336,True
1656,anon_pipe_buf_release,28,0.005762522663277929,5.347494076333668,True
2652,pty_unix98_remove,14,0.005967998680355292,5.355934828039073,True
2639,pipe_poll,56,0.006093281682562878,5.350435623505156,True
55,internal_get_user_pages_fast,14,0.00618493998373351,5.346482424838959,True
3691,release_pages,56,0.006555941854293033,5.33104949318001,True
4189,folio_unlock,14,0.007020709197215112,5.312886417862661,True
889,mm_update_next_owner,28,0.0070781309896807195,5.310725027558634,True
924,ktime_get_with_offset,14,0.007097213167593732,5.310010582086193,True
3061,ext4_release_dir,28,0.007619845688201509,5.291144313122053,True
1657,anon_pipe_buf_release,56,0.007958814954397717,5.279577244359257,True
4464,uprobe_end_dup_mmap,14,0.008314813998887095,5.267939645777675,True
3755,restore_fpregs_from_user,14,0.008495450942950357,5.262220805011272,True
4330,free_vmap_area_noflush,14,0.008552847177473235,-5.260428701694765,True
1458,add_transaction_credits,14,0.009597892445837022,5.213184009348304,True
2901,ext4_htree_store_dirent,14,0.009602227562332468,5.229595752713815,True
4288,folio_mark_accessed,14,0.009675557549570335,5.227566829241522,True
1646,available_idle_cpu,14,0.009890767131591063,-5.205234552528435,True
2833,dup_user_cpus_ptr,28,0.009973180914124632,5.21948439448407,True
3197,fsnotify,14,0.010075815499798163,5.216752090329557,True
263,inode_permission,56,0.010685838604234716,5.2010561897688055,True
626,set_next_buddy,28,0.010749762830065308,5.1994627116480325,True
1574,alloc_tty_struct,56,0.01076564716510746,5.199068198042808,True
2284,dequeue_entity,56,0.010980539435457211,5.193786508231048,True
580,show_vfsmnt,14,0.011154449544214146,-5.189585949485057,True
408,native_queued_spin_lock_slowpath,14,0.01158534061205127,5.179449512602569,True
3268,igrab,56,0.011759696895130673,-5.175452817657665,True
2275,cpuset_node_allowed,56,0.011996003116339858,-5.170128028743161,True
3085,eventfd_release,28,0.012478091384391767,5.159577344781094,True
2517,pty_write_room,56,0.01279224895473766,5.152915307467003,True
3408,hrtimer_update_next_event,56,0.012858558855087673,5.1515296976907665,True
1677,apparmor_file_free_security,56,0.01289334231069371,5.150805667998756,True
3386,gup_pte_range,14,0.01289963020877704,5.1506749880462905,True
1758,vm_memory_committed,14,0.01317569230008014,-5.144998483201713,True
1718,alloc_fdtable,28,0.013431120448062507,5.124072494579123,True
70,journal_get_superblock,14,0.013655092401974244,5.135412932384441,True
971,mem_cgroup_update_tree,56,0.013669045258818038,5.135138923675651,True
1370,cpus_share_cache,56,0.013766195576433613,5.133238649762483,True
1102,meminfo_proc_show,28,0.013976750385030844,-5.137427070090355,True
3021,drop_nlink,14,0.014059245319431018,5.12758533505741,True
2504,profile_tick,28,0.014102477668074175,5.126761137567001,True
2395,p4d_clear_huge,56,0.015360961865459296,5.103796718349587,True
1756,vm_memory_committed,28,0.0156231466551553,-5.107377992661376,True
68,journal_get_superblock,28,0.015743425426223687,5.0971829430056514,True
2684,pids_can_fork,14,0.016969363967994717,5.076998848665272,True
1678,apparmor_file_free_security,14,0.01710219097258251,5.059654414940519,True
2476,psi_group_change,14,0.018170667380554506,5.0585635621132825,True
2899,ext4_htree_store_dirent,28,0.020686641691565533,5.023546504553244,True
2233,do_read_fault,56,0.02097645829745399,-5.0197845807817805,True
1158,ksys_write,14,0.0210162774629642,5.019271701324517,True
3554,select_idle_core,56,0.02114923950590847,5.033415044064033,True
4270,free_rb_tree_fname,14,0.022176123443292912,5.004736288523044,True
157,jbd2_journal_stop,14,0.022696197509799475,4.998459182782833,True
122,kernel_wait4,28,0.024355756733729656,4.979332203605487,True
2173,do_filp_open,56,0.024558336460807243,4.977085467202205,True
711,si_meminfo,56,0.024648240154714954,-4.976094193149018,True
2937,enter_lazy_tlb,14,0.026472228735360048,4.956713285017904,True
597,sock_do_ioctl,56,0.02662344169831439,-4.955165796503612,True
4315,filename_lookup,14,0.026742240442231356,-4.953956059335648,True
2775,exit_to_user_mode_loop,14,0.03205071392871879,4.904662919976887,True
155,jbd2_journal_stop,28,0.032946895881221815,4.8971395158255415,True
3748,save_fpregs_to_fpstate,56,0.03320198619467851,4.8950346660708135,True
2838,ext4_orphan_add,14,0.0343176490102257,4.886011170529909,True
3660,refill_obj_stock,14,0.03475481383353633,4.882553477196066,True
708,shrink_dcache_parent,56,0.03776756106068619,4.859822377918792,True
2935,enter_lazy_tlb,28,0.037932550155531986,4.858629371653457,True
2760,dup_userfaultfd_complete,14,0.03854529386771189,4.854242747218497,True
3117,ext4_dx_readdir,28,0.03939591130785069,4.848264986973128,True
1256,copy_namespaces,28,0.03960908054038381,4.8467867225015215,True
3287,futex_setup_timer,14,0.03977158334295254,4.845665034192849,True
1492,arch_dup_task_struct,28,0.04016850185835421,4.8295133652723194,True
4433,find_busiest_queue,28,0.041463721011678834,4.863961153295085,True
2227,dentry_unlink_inode,56,0.04172635703315985,4.832512698656019,True
3040,drain_stock,28,0.0420268823374603,-4.830544311071658,True
4367,fpu__drop,28,0.04215609908178535,4.829702193848434,True
1439,clear_inode,56,0.042684951549023374,-4.826281727485668,True
2638,pipe_poll,28,0.04293551324183234,4.824675613769536,True
1376,cap_capable,56,0.043356232815051035,4.821999288596707,True
3805,uevent_show,28,0.04512304361274533,4.811030599808246,True
2283,dequeue_entity,28,0.04570563015488618,4.807505722492121,True
4050,uprobe_munmap,14,0.04730168120386222,4.798069474857518,True
1970,task_work_run,14,0.047521208940833164,4.7967959963616655,True
2182,detach_pid,56,0.049044287247842065,4.788115872945696,True
